Type,StartDate,EndDate,Value,Unit
Sleep,2024-12-06T22:49:56Z,2024-12-06T22:50:26Z,3,Sleep Analysis
Sleep,2024-12-06T22:50:26Z,2024-12-06T22:50:56Z,2,Sleep Analysis
Sleep,2024-12-06T22:50:56Z,2024-12-06T22:58:26Z,3,Sleep Analysis
Sleep,2024-12-06T22:58:26Z,2024-12-06T22:59:56Z,2,Sleep Analysis
Sleep,2024-12-06T22:59:56Z,2024-12-06T23:12:56Z,3,Sleep Analysis
Sleep,2024-12-06T23:12:56Z,2024-12-06T23:31:26Z,4,Sleep Analysis
Sleep,2024-12-06T23:31:26Z,2024-12-06T23:31:56Z,3,Sleep Analysis
Sleep,2024-12-06T23:31:56Z,2024-12-06T23:35:56Z,4,Sleep Analysis
Sleep,2024-12-06T23:35:56Z,2024-12-06T23:37:26Z,3,Sleep Analysis
Sleep,2024-12-06T23:37:26Z,2024-12-06T23:50:56Z,5,Sleep Analysis
Sleep,2024-12-06T23:50:56Z,2024-12-07T00:10:56Z,3,Sleep Analysis
Sleep,2024-12-07T00:10:56Z,2024-12-07T00:13:26Z,4,Sleep Analysis
Sleep,2024-12-07T00:13:26Z,2024-12-07T00:27:26Z,3,Sleep Analysis
Sleep,2024-12-07T00:27:26Z,2024-12-07T00:40:26Z,4,Sleep Analysis
Sleep,2024-12-07T00:40:26Z,2024-12-07T00:59:56Z,3,Sleep Analysis
Sleep,2024-12-07T00:59:56Z,2024-12-07T01:16:56Z,5,Sleep Analysis
Sleep,2024-12-07T01:16:56Z,2024-12-07T02:07:26Z,3,Sleep Analysis
Sleep,2024-12-07T02:07:26Z,2024-12-07T02:07:56Z,2,Sleep Analysis
Sleep,2024-12-07T02:07:56Z,2024-12-07T02:45:56Z,3,Sleep Analysis
Sleep,2024-12-07T02:45:56Z,2024-12-07T03:13:56Z,5,Sleep Analysis
Sleep,2024-12-07T03:13:56Z,2024-12-07T03:14:26Z,2,Sleep Analysis
Sleep,2024-12-07T03:14:26Z,2024-12-07T03:55:56Z,3,Sleep Analysis
Sleep,2024-12-07T03:55:56Z,2024-12-07T03:57:26Z,2,Sleep Analysis
Sleep,2024-12-07T03:57:26Z,2024-12-07T04:11:26Z,3,Sleep Analysis
Sleep,2024-12-07T04:11:26Z,2024-12-07T04:30:56Z,5,Sleep Analysis
Sleep,2024-12-07T04:30:56Z,2024-12-07T04:32:56Z,2,Sleep Analysis
Sleep,2024-12-07T04:32:56Z,2024-12-07T04:46:26Z,3,Sleep Analysis
Sleep,2024-12-07T04:46:26Z,2024-12-07T04:47:56Z,2,Sleep Analysis
Sleep,2024-12-07T04:47:56Z,2024-12-07T05:21:26Z,3,Sleep Analysis
Sleep,2024-12-07T05:21:26Z,2024-12-07T06:04:56Z,5,Sleep Analysis
Sleep,2024-12-07T06:04:56Z,2024-12-07T06:26:56Z,3,Sleep Analysis
Sleep,2024-12-07T06:26:56Z,2024-12-07T06:27:56Z,2,Sleep Analysis
Sleep,2024-12-07T06:27:56Z,2024-12-07T06:30:26Z,3,Sleep Analysis
Sleep,2024-12-07T06:30:26Z,2024-12-07T06:32:56Z,2,Sleep Analysis
Sleep,2024-12-07T06:32:56Z,2024-12-07T06:33:56Z,3,Sleep Analysis
Sleep,2024-12-07T06:33:56Z,2024-12-07T06:34:56Z,2,Sleep Analysis
Sleep,2024-12-07T06:34:56Z,2024-12-07T06:49:26Z,3,Sleep Analysis
Blood Glucose,2024-12-06T09:18:41Z,,75.0,mg/dL
Blood Glucose,2024-12-06T09:23:40Z,,76.0,mg/dL
Blood Glucose,2024-12-06T09:28:41Z,,81.0,mg/dL
Blood Glucose,2024-12-06T09:33:41Z,,92.0,mg/dL
Blood Glucose,2024-12-06T09:38:41Z,,98.0,mg/dL
Blood Glucose,2024-12-06T09:43:41Z,,103.0,mg/dL
Blood Glucose,2024-12-06T09:48:40Z,,108.0,mg/dL
Blood Glucose,2024-12-06T09:53:40Z,,110.0,mg/dL
Blood Glucose,2024-12-06T09:58:40Z,,112.0,mg/dL
Blood Glucose,2024-12-06T10:03:40Z,,109.0,mg/dL
Blood Glucose,2024-12-06T10:08:40Z,,106.0,mg/dL
Blood Glucose,2024-12-06T10:13:40Z,,105.0,mg/dL
Blood Glucose,2024-12-06T10:18:40Z,,99.0,mg/dL
Blood Glucose,2024-12-06T10:23:40Z,,97.0,mg/dL
Blood Glucose,2024-12-06T10:28:40Z,,96.0,mg/dL
Blood Glucose,2024-12-06T10:33:41Z,,96.0,mg/dL
Blood Glucose,2024-12-06T10:38:40Z,,93.0,mg/dL
Blood Glucose,2024-12-06T10:43:40Z,,91.0,mg/dL
Blood Glucose,2024-12-06T10:48:40Z,,87.0,mg/dL
Blood Glucose,2024-12-06T10:53:41Z,,88.0,mg/dL
Blood Glucose,2024-12-06T10:58:41Z,,90.0,mg/dL
Blood Glucose,2024-12-06T11:03:41Z,,87.0,mg/dL
Blood Glucose,2024-12-06T11:08:41Z,,90.0,mg/dL
Blood Glucose,2024-12-06T11:13:41Z,,91.0,mg/dL
Blood Glucose,2024-12-06T11:18:40Z,,91.0,mg/dL
Blood Glucose,2024-12-06T11:23:41Z,,92.0,mg/dL
Blood Glucose,2024-12-06T11:28:41Z,,92.0,mg/dL
Blood Glucose,2024-12-06T11:33:41Z,,91.0,mg/dL
Blood Glucose,2024-12-06T11:38:41Z,,89.0,mg/dL
Blood Glucose,2024-12-06T11:43:41Z,,88.0,mg/dL
Blood Glucose,2024-12-06T11:48:40Z,,91.0,mg/dL
Blood Glucose,2024-12-06T11:53:41Z,,91.0,mg/dL
Blood Glucose,2024-12-06T11:58:41Z,,90.0,mg/dL
Blood Glucose,2024-12-06T12:03:40Z,,91.0,mg/dL
Blood Glucose,2024-12-06T12:08:41Z,,92.0,mg/dL
Blood Glucose,2024-12-06T12:13:41Z,,90.0,mg/dL
Blood Glucose,2024-12-06T12:18:41Z,,89.0,mg/dL
Blood Glucose,2024-12-06T12:23:40Z,,89.0,mg/dL
Blood Glucose,2024-12-06T12:28:41Z,,90.0,mg/dL
Blood Glucose,2024-12-06T12:33:41Z,,91.0,mg/dL
Blood Glucose,2024-12-06T12:38:41Z,,95.0,mg/dL
Blood Glucose,2024-12-06T12:43:41Z,,98.0,mg/dL
Blood Glucose,2024-12-06T12:48:41Z,,97.0,mg/dL
Blood Glucose,2024-12-06T12:53:41Z,,94.0,mg/dL
Blood Glucose,2024-12-06T12:58:41Z,,95.0,mg/dL
Blood Glucose,2024-12-06T13:03:41Z,,92.0,mg/dL
Blood Glucose,2024-12-06T13:08:41Z,,90.0,mg/dL
Blood Glucose,2024-12-06T13:13:41Z,,83.0,mg/dL
Blood Glucose,2024-12-06T13:18:41Z,,84.0,mg/dL
Blood Glucose,2024-12-06T13:23:41Z,,82.0,mg/dL
Blood Glucose,2024-12-06T13:28:41Z,,83.0,mg/dL
Blood Glucose,2024-12-06T13:33:41Z,,89.0,mg/dL
Blood Glucose,2024-12-06T13:38:41Z,,89.0,mg/dL
Blood Glucose,2024-12-06T13:43:41Z,,88.0,mg/dL
Blood Glucose,2024-12-06T13:48:41Z,,90.0,mg/dL
Blood Glucose,2024-12-06T13:53:40Z,,93.0,mg/dL
Blood Glucose,2024-12-06T13:58:41Z,,106.0,mg/dL
Blood Glucose,2024-12-06T14:03:41Z,,115.0,mg/dL
Blood Glucose,2024-12-06T14:08:41Z,,121.0,mg/dL
Blood Glucose,2024-12-06T14:13:41Z,,121.0,mg/dL
Blood Glucose,2024-12-06T14:18:41Z,,122.0,mg/dL
Blood Glucose,2024-12-06T14:23:40Z,,124.0,mg/dL
Blood Glucose,2024-12-06T14:28:41Z,,125.0,mg/dL
Blood Glucose,2024-12-06T14:33:41Z,,122.0,mg/dL
Blood Glucose,2024-12-06T14:38:41Z,,119.0,mg/dL
Blood Glucose,2024-12-06T14:43:41Z,,111.0,mg/dL
Blood Glucose,2024-12-06T14:48:41Z,,107.0,mg/dL
Blood Glucose,2024-12-06T14:53:41Z,,108.0,mg/dL
Blood Glucose,2024-12-06T14:58:41Z,,113.0,mg/dL
Blood Glucose,2024-12-06T15:03:41Z,,112.0,mg/dL
Blood Glucose,2024-12-06T15:08:41Z,,110.0,mg/dL
Blood Glucose,2024-12-06T15:13:41Z,,114.0,mg/dL
Blood Glucose,2024-12-06T15:18:41Z,,113.0,mg/dL
Blood Glucose,2024-12-06T15:23:41Z,,113.0,mg/dL
Blood Glucose,2024-12-06T15:28:41Z,,112.0,mg/dL
Blood Glucose,2024-12-06T15:33:41Z,,113.0,mg/dL
Blood Glucose,2024-12-06T15:38:41Z,,114.0,mg/dL
Blood Glucose,2024-12-06T15:43:41Z,,110.0,mg/dL
Blood Glucose,2024-12-06T15:48:41Z,,108.0,mg/dL
Blood Glucose,2024-12-06T15:53:41Z,,104.0,mg/dL
Blood Glucose,2024-12-06T15:58:41Z,,96.0,mg/dL
Blood Glucose,2024-12-06T16:03:41Z,,96.0,mg/dL
Blood Glucose,2024-12-06T16:08:41Z,,96.0,mg/dL
Blood Glucose,2024-12-06T16:13:41Z,,98.0,mg/dL
Blood Glucose,2024-12-06T16:18:41Z,,95.0,mg/dL
Blood Glucose,2024-12-06T16:23:41Z,,89.0,mg/dL
Blood Glucose,2024-12-06T16:28:41Z,,90.0,mg/dL
Blood Glucose,2024-12-06T16:33:41Z,,91.0,mg/dL
Blood Glucose,2024-12-06T16:38:41Z,,95.0,mg/dL
Blood Glucose,2024-12-06T16:43:41Z,,98.0,mg/dL
Blood Glucose,2024-12-06T16:48:41Z,,99.0,mg/dL
Blood Glucose,2024-12-06T16:53:41Z,,98.0,mg/dL
Blood Glucose,2024-12-06T16:58:41Z,,98.0,mg/dL
Blood Glucose,2024-12-06T17:03:42Z,,98.0,mg/dL
Blood Glucose,2024-12-06T17:08:41Z,,94.0,mg/dL
Blood Glucose,2024-12-06T17:13:41Z,,91.0,mg/dL
Blood Glucose,2024-12-06T17:18:41Z,,95.0,mg/dL
Blood Glucose,2024-12-06T17:23:41Z,,97.0,mg/dL
Blood Glucose,2024-12-06T17:28:41Z,,94.0,mg/dL
Blood Glucose,2024-12-06T17:33:41Z,,94.0,mg/dL
Blood Glucose,2024-12-06T17:38:41Z,,92.0,mg/dL
Blood Glucose,2024-12-06T17:43:42Z,,88.0,mg/dL
Blood Glucose,2024-12-06T17:48:41Z,,79.0,mg/dL
Blood Glucose,2024-12-06T17:53:41Z,,74.0,mg/dL
Blood Glucose,2024-12-06T17:58:41Z,,70.0,mg/dL
Blood Glucose,2024-12-06T18:03:41Z,,75.0,mg/dL
Blood Glucose,2024-12-06T18:08:42Z,,78.0,mg/dL
Blood Glucose,2024-12-06T18:13:42Z,,79.0,mg/dL
Blood Glucose,2024-12-06T18:18:41Z,,80.0,mg/dL
Blood Glucose,2024-12-06T18:23:41Z,,84.0,mg/dL
Blood Glucose,2024-12-06T18:28:41Z,,82.0,mg/dL
Blood Glucose,2024-12-06T18:33:41Z,,82.0,mg/dL
Blood Glucose,2024-12-06T18:38:42Z,,84.0,mg/dL
Blood Glucose,2024-12-06T18:43:41Z,,84.0,mg/dL
Blood Glucose,2024-12-06T18:48:41Z,,80.0,mg/dL
Blood Glucose,2024-12-06T18:53:41Z,,81.0,mg/dL
Blood Glucose,2024-12-06T18:58:41Z,,82.0,mg/dL
Blood Glucose,2024-12-06T19:03:41Z,,78.0,mg/dL
Blood Glucose,2024-12-06T19:08:42Z,,75.0,mg/dL
Blood Glucose,2024-12-06T19:13:41Z,,80.0,mg/dL
Blood Glucose,2024-12-06T19:18:41Z,,81.0,mg/dL
Blood Glucose,2024-12-06T19:23:41Z,,79.0,mg/dL
Blood Glucose,2024-12-06T19:28:41Z,,74.0,mg/dL
Blood Glucose,2024-12-06T19:33:42Z,,77.0,mg/dL
Blood Glucose,2024-12-06T19:38:41Z,,83.0,mg/dL
Blood Glucose,2024-12-06T19:43:41Z,,86.0,mg/dL
Blood Glucose,2024-12-06T19:48:41Z,,82.0,mg/dL
Blood Glucose,2024-12-06T19:53:41Z,,80.0,mg/dL
Blood Glucose,2024-12-06T19:58:41Z,,88.0,mg/dL
Blood Glucose,2024-12-06T20:03:41Z,,92.0,mg/dL
Blood Glucose,2024-12-06T20:08:41Z,,93.0,mg/dL
Blood Glucose,2024-12-06T20:13:41Z,,81.0,mg/dL
Blood Glucose,2024-12-06T20:18:42Z,,88.0,mg/dL
Blood Glucose,2024-12-06T20:23:41Z,,91.0,mg/dL
Blood Glucose,2024-12-06T20:28:41Z,,79.0,mg/dL
Blood Glucose,2024-12-06T20:33:41Z,,93.0,mg/dL
Blood Glucose,2024-12-06T20:38:42Z,,91.0,mg/dL
Blood Glucose,2024-12-06T20:43:42Z,,82.0,mg/dL
Blood Glucose,2024-12-06T20:48:42Z,,84.0,mg/dL
Blood Glucose,2024-12-06T20:53:42Z,,99.0,mg/dL
Blood Glucose,2024-12-06T20:58:42Z,,101.0,mg/dL
Blood Glucose,2024-12-06T21:03:41Z,,99.0,mg/dL
Blood Glucose,2024-12-06T21:08:41Z,,100.0,mg/dL
Blood Glucose,2024-12-06T21:13:41Z,,106.0,mg/dL
Blood Glucose,2024-12-06T21:18:42Z,,96.0,mg/dL
Blood Glucose,2024-12-06T21:23:42Z,,87.0,mg/dL
Blood Glucose,2024-12-06T21:28:42Z,,100.0,mg/dL
Blood Glucose,2024-12-06T21:33:41Z,,113.0,mg/dL
Blood Glucose,2024-12-06T21:38:41Z,,110.0,mg/dL
Blood Glucose,2024-12-06T21:43:41Z,,113.0,mg/dL
Blood Glucose,2024-12-06T21:48:41Z,,111.0,mg/dL
Blood Glucose,2024-12-06T21:53:41Z,,106.0,mg/dL
Blood Glucose,2024-12-06T21:58:41Z,,104.0,mg/dL
Blood Glucose,2024-12-06T22:03:42Z,,106.0,mg/dL
Blood Glucose,2024-12-06T22:08:42Z,,107.0,mg/dL
Blood Glucose,2024-12-06T22:13:42Z,,108.0,mg/dL
Blood Glucose,2024-12-06T22:18:42Z,,106.0,mg/dL
Blood Glucose,2024-12-06T22:23:41Z,,111.0,mg/dL
Blood Glucose,2024-12-06T22:28:41Z,,115.0,mg/dL
Blood Glucose,2024-12-06T22:33:42Z,,116.0,mg/dL
Blood Glucose,2024-12-06T22:38:41Z,,116.0,mg/dL
Blood Glucose,2024-12-06T22:43:41Z,,114.0,mg/dL
Blood Glucose,2024-12-06T22:48:42Z,,109.0,mg/dL
Blood Glucose,2024-12-06T22:53:41Z,,110.0,mg/dL
Blood Glucose,2024-12-06T22:58:42Z,,105.0,mg/dL
Blood Glucose,2024-12-06T23:03:41Z,,108.0,mg/dL
Blood Glucose,2024-12-06T23:08:42Z,,105.0,mg/dL
Blood Glucose,2024-12-06T23:13:42Z,,105.0,mg/dL
Blood Glucose,2024-12-06T23:18:42Z,,103.0,mg/dL
Blood Glucose,2024-12-06T23:23:42Z,,100.0,mg/dL
Blood Glucose,2024-12-06T23:28:42Z,,97.0,mg/dL
Blood Glucose,2024-12-06T23:33:41Z,,97.0,mg/dL
Blood Glucose,2024-12-06T23:38:41Z,,99.0,mg/dL
Blood Glucose,2024-12-06T23:43:42Z,,102.0,mg/dL
Blood Glucose,2024-12-06T23:48:41Z,,103.0,mg/dL
Blood Glucose,2024-12-06T23:53:42Z,,100.0,mg/dL
Blood Glucose,2024-12-06T23:58:42Z,,103.0,mg/dL
Blood Glucose,2024-12-07T00:03:42Z,,103.0,mg/dL
Blood Glucose,2024-12-07T00:08:42Z,,103.0,mg/dL
Blood Glucose,2024-12-07T00:13:42Z,,102.0,mg/dL
Blood Glucose,2024-12-07T00:18:42Z,,97.0,mg/dL
Blood Glucose,2024-12-07T00:23:42Z,,98.0,mg/dL
Blood Glucose,2024-12-07T00:28:41Z,,102.0,mg/dL
Blood Glucose,2024-12-07T00:33:42Z,,105.0,mg/dL
Blood Glucose,2024-12-07T00:38:41Z,,107.0,mg/dL
Blood Glucose,2024-12-07T00:43:41Z,,113.0,mg/dL
Blood Glucose,2024-12-07T00:48:42Z,,117.0,mg/dL
Blood Glucose,2024-12-07T00:53:42Z,,114.0,mg/dL
Blood Glucose,2024-12-07T00:58:41Z,,109.0,mg/dL
Blood Glucose,2024-12-07T01:03:42Z,,114.0,mg/dL
Blood Glucose,2024-12-07T01:08:42Z,,116.0,mg/dL
Blood Glucose,2024-12-07T01:13:42Z,,111.0,mg/dL
Blood Glucose,2024-12-07T01:18:42Z,,107.0,mg/dL
Blood Glucose,2024-12-07T01:23:42Z,,106.0,mg/dL
Blood Glucose,2024-12-07T01:28:42Z,,106.0,mg/dL
Blood Glucose,2024-12-07T01:33:42Z,,101.0,mg/dL
Blood Glucose,2024-12-07T01:38:42Z,,96.0,mg/dL
Blood Glucose,2024-12-07T01:43:41Z,,93.0,mg/dL
Blood Glucose,2024-12-07T01:48:42Z,,88.0,mg/dL
Blood Glucose,2024-12-07T01:53:42Z,,90.0,mg/dL
Blood Glucose,2024-12-07T01:58:42Z,,91.0,mg/dL
Blood Glucose,2024-12-07T02:03:42Z,,92.0,mg/dL
Blood Glucose,2024-12-07T02:08:42Z,,93.0,mg/dL
Blood Glucose,2024-12-07T02:13:42Z,,95.0,mg/dL
Blood Glucose,2024-12-07T02:18:42Z,,100.0,mg/dL
Blood Glucose,2024-12-07T02:23:42Z,,98.0,mg/dL
Blood Glucose,2024-12-07T02:28:42Z,,98.0,mg/dL
Blood Glucose,2024-12-07T02:33:41Z,,97.0,mg/dL
Blood Glucose,2024-12-07T02:38:41Z,,95.0,mg/dL
Blood Glucose,2024-12-07T02:43:41Z,,93.0,mg/dL
Blood Glucose,2024-12-07T02:48:42Z,,92.0,mg/dL
Blood Glucose,2024-12-07T02:53:42Z,,91.0,mg/dL
Blood Glucose,2024-12-07T02:58:42Z,,90.0,mg/dL
Blood Glucose,2024-12-07T03:03:42Z,,89.0,mg/dL
Blood Glucose,2024-12-07T03:08:42Z,,88.0,mg/dL
Blood Glucose,2024-12-07T03:13:42Z,,80.0,mg/dL
Blood Glucose,2024-12-07T03:18:42Z,,86.0,mg/dL
Blood Glucose,2024-12-07T03:23:42Z,,87.0,mg/dL
Blood Glucose,2024-12-07T03:28:42Z,,88.0,mg/dL
Blood Glucose,2024-12-07T03:33:42Z,,89.0,mg/dL
Blood Glucose,2024-12-07T03:38:42Z,,90.0,mg/dL
Blood Glucose,2024-12-07T03:43:42Z,,89.0,mg/dL
Blood Glucose,2024-12-07T03:48:42Z,,89.0,mg/dL
Blood Glucose,2024-12-07T03:53:42Z,,88.0,mg/dL
Blood Glucose,2024-12-07T03:58:42Z,,75.0,mg/dL
Blood Glucose,2024-12-07T04:03:42Z,,71.0,mg/dL
Blood Glucose,2024-12-07T04:08:42Z,,77.0,mg/dL
Blood Glucose,2024-12-07T04:13:42Z,,80.0,mg/dL
Blood Glucose,2024-12-07T04:18:42Z,,80.0,mg/dL
Blood Glucose,2024-12-07T04:23:42Z,,83.0,mg/dL
Blood Glucose,2024-12-07T04:28:42Z,,82.0,mg/dL
Blood Glucose,2024-12-07T04:33:43Z,,83.0,mg/dL
Blood Glucose,2024-12-07T04:38:42Z,,91.0,mg/dL
Blood Glucose,2024-12-07T04:43:42Z,,90.0,mg/dL
Blood Glucose,2024-12-07T04:48:42Z,,87.0,mg/dL
Blood Glucose,2024-12-07T04:53:42Z,,84.0,mg/dL
Blood Glucose,2024-12-07T04:58:42Z,,83.0,mg/dL
Blood Glucose,2024-12-07T05:03:42Z,,84.0,mg/dL
Blood Glucose,2024-12-07T05:08:42Z,,85.0,mg/dL
Blood Glucose,2024-12-07T05:13:42Z,,86.0,mg/dL
Blood Glucose,2024-12-07T05:18:42Z,,86.0,mg/dL
Blood Glucose,2024-12-07T05:23:43Z,,86.0,mg/dL
Blood Glucose,2024-12-07T05:28:42Z,,87.0,mg/dL
Blood Glucose,2024-12-07T05:33:42Z,,86.0,mg/dL
Blood Glucose,2024-12-07T05:38:42Z,,86.0,mg/dL
Blood Glucose,2024-12-07T05:43:42Z,,83.0,mg/dL
Blood Glucose,2024-12-07T05:48:42Z,,80.0,mg/dL
Blood Glucose,2024-12-07T05:53:42Z,,83.0,mg/dL
Blood Glucose,2024-12-07T05:58:42Z,,85.0,mg/dL
Blood Glucose,2024-12-07T06:03:43Z,,85.0,mg/dL
Blood Glucose,2024-12-07T06:08:42Z,,83.0,mg/dL
Blood Glucose,2024-12-07T06:13:42Z,,83.0,mg/dL
Heart Rate,2024-12-06T09:14:01Z,2024-12-06T09:14:01Z,124.00000000000001,bpm
Heart Rate,2024-12-06T09:14:07Z,2024-12-06T09:14:07Z,122.99999999999999,bpm
Heart Rate,2024-12-06T09:14:08Z,2024-12-06T09:14:08Z,122.0,bpm
Heart Rate,2024-12-06T09:14:13Z,2024-12-06T09:14:13Z,120.0,bpm
Heart Rate,2024-12-06T09:14:18Z,2024-12-06T09:14:18Z,121.0,bpm
Heart Rate,2024-12-06T09:14:27Z,2024-12-06T09:14:27Z,125.00000000000001,bpm
Heart Rate,2024-12-06T09:14:29Z,2024-12-06T09:14:29Z,125.00000000000001,bpm
Heart Rate,2024-12-06T09:14:33Z,2024-12-06T09:14:33Z,122.99999999999999,bpm
Heart Rate,2024-12-06T09:14:38Z,2024-12-06T09:14:38Z,125.00000000000001,bpm
Heart Rate,2024-12-06T09:14:46Z,2024-12-06T09:14:46Z,122.0,bpm
Heart Rate,2024-12-06T09:14:52Z,2024-12-06T09:14:52Z,122.0,bpm
Heart Rate,2024-12-06T09:14:53Z,2024-12-06T09:14:53Z,122.99999999999999,bpm
Heart Rate,2024-12-06T09:14:58Z,2024-12-06T09:14:58Z,121.0,bpm
Heart Rate,2024-12-06T09:15:06Z,2024-12-06T09:15:06Z,125.00000000000001,bpm
Heart Rate,2024-12-06T09:15:12Z,2024-12-06T09:15:12Z,127.0,bpm
Heart Rate,2024-12-06T09:15:17Z,2024-12-06T09:15:17Z,127.0,bpm
Heart Rate,2024-12-06T09:15:22Z,2024-12-06T09:15:22Z,127.0,bpm
Heart Rate,2024-12-06T09:15:23Z,2024-12-06T09:15:23Z,126.0,bpm
Heart Rate,2024-12-06T09:15:28Z,2024-12-06T09:15:28Z,127.0,bpm
Heart Rate,2024-12-06T09:15:35Z,2024-12-06T09:15:35Z,126.0,bpm
Heart Rate,2024-12-06T09:15:42Z,2024-12-06T09:15:42Z,126.0,bpm
Heart Rate,2024-12-06T09:15:44Z,2024-12-06T09:15:44Z,127.0,bpm
Heart Rate,2024-12-06T09:15:50Z,2024-12-06T09:15:50Z,125.00000000000001,bpm
Heart Rate,2024-12-06T09:15:56Z,2024-12-06T09:15:56Z,125.00000000000001,bpm
Heart Rate,2024-12-06T09:15:59Z,2024-12-06T09:15:59Z,126.0,bpm
Heart Rate,2024-12-06T09:16:07Z,2024-12-06T09:16:07Z,126.0,bpm
Heart Rate,2024-12-06T09:16:12Z,2024-12-06T09:16:12Z,127.0,bpm
Heart Rate,2024-12-06T09:16:13Z,2024-12-06T09:16:13Z,126.0,bpm
Heart Rate,2024-12-06T09:16:18Z,2024-12-06T09:16:18Z,126.0,bpm
Heart Rate,2024-12-06T09:16:27Z,2024-12-06T09:16:27Z,127.0,bpm
Heart Rate,2024-12-06T09:16:28Z,2024-12-06T09:16:28Z,126.0,bpm
Heart Rate,2024-12-06T09:19:10Z,2024-12-06T09:19:10Z,108.0,bpm
Heart Rate,2024-12-06T09:19:12Z,2024-12-06T09:19:12Z,102.0,bpm
Heart Rate,2024-12-06T09:19:17Z,2024-12-06T09:19:17Z,103.0,bpm
Heart Rate,2024-12-06T09:20:21Z,2024-12-06T09:20:21Z,93.0,bpm
Heart Rate,2024-12-06T09:20:26Z,2024-12-06T09:20:26Z,93.0,bpm
Heart Rate,2024-12-06T09:20:30Z,2024-12-06T09:20:30Z,92.00000000000001,bpm
Heart Rate,2024-12-06T09:20:36Z,2024-12-06T09:20:36Z,92.00000000000001,bpm
Heart Rate,2024-12-06T09:20:38Z,2024-12-06T09:20:38Z,91.0,bpm
Heart Rate,2024-12-06T09:22:25Z,2024-12-06T09:22:25Z,107.00000000000001,bpm
Heart Rate,2024-12-06T09:22:27Z,2024-12-06T09:22:27Z,105.0,bpm
Heart Rate,2024-12-06T09:22:32Z,2024-12-06T09:22:32Z,105.0,bpm
Heart Rate,2024-12-06T09:22:36Z,2024-12-06T09:22:36Z,107.00000000000001,bpm
Heart Rate,2024-12-06T09:22:44Z,2024-12-06T09:22:44Z,107.00000000000001,bpm
Heart Rate,2024-12-06T09:22:46Z,2024-12-06T09:22:46Z,106.0,bpm
Heart Rate,2024-12-06T09:22:51Z,2024-12-06T09:22:51Z,107.00000000000001,bpm
Heart Rate,2024-12-06T09:23:00Z,2024-12-06T09:23:00Z,108.0,bpm
Heart Rate,2024-12-06T09:23:04Z,2024-12-06T09:23:04Z,108.0,bpm
Heart Rate,2024-12-06T09:23:06Z,2024-12-06T09:23:06Z,108.0,bpm
Heart Rate,2024-12-06T09:23:15Z,2024-12-06T09:23:15Z,109.0,bpm
Heart Rate,2024-12-06T09:23:19Z,2024-12-06T09:23:19Z,108.0,bpm
Heart Rate,2024-12-06T09:23:28Z,2024-12-06T09:23:28Z,108.0,bpm
Heart Rate,2024-12-06T09:23:34Z,2024-12-06T09:23:34Z,108.0,bpm
Heart Rate,2024-12-06T09:23:37Z,2024-12-06T09:23:37Z,112.0,bpm
Heart Rate,2024-12-06T09:23:41Z,2024-12-06T09:23:41Z,112.0,bpm
Heart Rate,2024-12-06T09:23:50Z,2024-12-06T09:23:50Z,118.0,bpm
Heart Rate,2024-12-06T09:23:54Z,2024-12-06T09:23:54Z,125.00000000000001,bpm
Heart Rate,2024-12-06T09:23:56Z,2024-12-06T09:23:56Z,125.00000000000001,bpm
Heart Rate,2024-12-06T09:24:04Z,2024-12-06T09:24:04Z,125.00000000000001,bpm
Heart Rate,2024-12-06T09:24:06Z,2024-12-06T09:24:06Z,124.00000000000001,bpm
Heart Rate,2024-12-06T09:24:14Z,2024-12-06T09:24:14Z,126.0,bpm
Heart Rate,2024-12-06T09:24:19Z,2024-12-06T09:24:19Z,125.00000000000001,bpm
Heart Rate,2024-12-06T09:24:25Z,2024-12-06T09:24:25Z,122.99999999999999,bpm
Heart Rate,2024-12-06T09:24:28Z,2024-12-06T09:24:28Z,122.99999999999999,bpm
Heart Rate,2024-12-06T09:24:32Z,2024-12-06T09:24:32Z,121.0,bpm
Heart Rate,2024-12-06T09:24:36Z,2024-12-06T09:24:36Z,121.0,bpm
Heart Rate,2024-12-06T09:24:42Z,2024-12-06T09:24:42Z,122.0,bpm
Heart Rate,2024-12-06T09:24:46Z,2024-12-06T09:24:46Z,120.0,bpm
Heart Rate,2024-12-06T09:25:10Z,2024-12-06T09:25:10Z,125.00000000000001,bpm
Heart Rate,2024-12-06T09:25:14Z,2024-12-06T09:25:14Z,125.00000000000001,bpm
Heart Rate,2024-12-06T09:25:16Z,2024-12-06T09:25:16Z,124.00000000000001,bpm
Heart Rate,2024-12-06T09:25:24Z,2024-12-06T09:25:24Z,122.99999999999999,bpm
Heart Rate,2024-12-06T09:25:28Z,2024-12-06T09:25:28Z,122.99999999999999,bpm
Heart Rate,2024-12-06T09:25:35Z,2024-12-06T09:25:35Z,122.0,bpm
Heart Rate,2024-12-06T09:25:36Z,2024-12-06T09:25:36Z,122.0,bpm
Heart Rate,2024-12-06T09:25:45Z,2024-12-06T09:25:45Z,122.99999999999999,bpm
Heart Rate,2024-12-06T09:25:48Z,2024-12-06T09:25:48Z,121.0,bpm
Heart Rate,2024-12-06T09:25:55Z,2024-12-06T09:25:55Z,122.99999999999999,bpm
Heart Rate,2024-12-06T09:26:00Z,2024-12-06T09:26:00Z,122.0,bpm
Heart Rate,2024-12-06T09:26:05Z,2024-12-06T09:26:05Z,119.0,bpm
Heart Rate,2024-12-06T09:26:06Z,2024-12-06T09:26:06Z,119.0,bpm
Heart Rate,2024-12-06T09:26:11Z,2024-12-06T09:26:11Z,116.0,bpm
Heart Rate,2024-12-06T09:26:16Z,2024-12-06T09:26:16Z,116.0,bpm
Heart Rate,2024-12-06T09:26:52Z,2024-12-06T09:26:52Z,111.0,bpm
Heart Rate,2024-12-06T09:34:36Z,2024-12-06T09:34:36Z,87.0,bpm
Heart Rate,2024-12-06T09:37:58Z,2024-12-06T09:37:58Z,87.0,bpm
Heart Rate,2024-12-06T09:42:39Z,2024-12-06T09:42:39Z,80.0,bpm
Heart Rate,2024-12-06T09:50:20Z,2024-12-06T09:50:20Z,80.0,bpm
Heart Rate,2024-12-06T09:55:29Z,2024-12-06T09:55:29Z,84.0,bpm
Heart Rate,2024-12-06T10:00:32Z,2024-12-06T10:00:32Z,80.0,bpm
Heart Rate,2024-12-06T10:02:25Z,2024-12-06T10:02:25Z,80.0,bpm
Heart Rate,2024-12-06T10:07:23Z,2024-12-06T10:07:23Z,79.0,bpm
Heart Rate,2024-12-06T10:14:13Z,2024-12-06T10:14:13Z,85.0,bpm
Heart Rate,2024-12-06T10:19:15Z,2024-12-06T10:19:15Z,84.0,bpm
Heart Rate,2024-12-06T10:24:20Z,2024-12-06T10:24:20Z,83.0,bpm
Heart Rate,2024-12-06T10:27:30Z,2024-12-06T10:27:30Z,80.0,bpm
Heart Rate,2024-12-06T10:31:40Z,2024-12-06T10:31:40Z,80.0,bpm
Heart Rate,2024-12-06T10:38:20Z,2024-12-06T10:38:20Z,70.0,bpm
Heart Rate,2024-12-06T10:42:09Z,2024-12-06T10:42:09Z,122.99999999999999,bpm
Heart Rate,2024-12-06T10:45:59Z,2024-12-06T10:45:59Z,89.0,bpm
Heart Rate,2024-12-06T10:49:47Z,2024-12-06T10:49:47Z,85.0,bpm
Heart Rate,2024-12-06T10:52:55Z,2024-12-06T10:52:55Z,86.0,bpm
Heart Rate,2024-12-06T10:58:47Z,2024-12-06T10:58:47Z,103.0,bpm
Heart Rate,2024-12-06T11:00:22Z,2024-12-06T11:00:22Z,78.0,bpm
Heart Rate,2024-12-06T11:03:57Z,2024-12-06T11:03:57Z,76.0,bpm
Heart Rate,2024-12-06T11:09:29Z,2024-12-06T11:09:29Z,75.0,bpm
Heart Rate,2024-12-06T11:13:02Z,2024-12-06T11:13:02Z,77.00000000000001,bpm
Heart Rate,2024-12-06T11:20:14Z,2024-12-06T11:20:14Z,77.00000000000001,bpm
Heart Rate,2024-12-06T11:25:36Z,2024-12-06T11:25:36Z,73.0,bpm
Heart Rate,2024-12-06T11:27:45Z,2024-12-06T11:27:45Z,79.0,bpm
Heart Rate,2024-12-06T11:32:18Z,2024-12-06T11:32:18Z,80.0,bpm
Heart Rate,2024-12-06T11:38:16Z,2024-12-06T11:38:16Z,67.0,bpm
Heart Rate,2024-12-06T11:45:41Z,2024-12-06T11:45:41Z,68.0,bpm
Heart Rate,2024-12-06T11:51:13Z,2024-12-06T11:51:13Z,83.0,bpm
Heart Rate,2024-12-06T11:52:04Z,2024-12-06T11:52:04Z,79.0,bpm
Heart Rate,2024-12-06T11:59:30Z,2024-12-06T11:59:30Z,75.0,bpm
Heart Rate,2024-12-06T12:04:45Z,2024-12-06T12:04:45Z,79.0,bpm
Heart Rate,2024-12-06T12:06:33Z,2024-12-06T12:06:33Z,84.0,bpm
Heart Rate,2024-12-06T12:11:26Z,2024-12-06T12:11:26Z,73.0,bpm
Heart Rate,2024-12-06T12:20:35Z,2024-12-06T12:20:35Z,73.0,bpm
Heart Rate,2024-12-06T12:25:31Z,2024-12-06T12:25:31Z,75.0,bpm
Heart Rate,2024-12-06T12:27:10Z,2024-12-06T12:27:10Z,76.0,bpm
Heart Rate,2024-12-06T12:33:01Z,2024-12-06T12:33:01Z,75.0,bpm
Heart Rate,2024-12-06T12:38:31Z,2024-12-06T12:38:31Z,74.0,bpm
Heart Rate,2024-12-06T12:44:36Z,2024-12-06T12:44:36Z,74.0,bpm
Heart Rate,2024-12-06T12:48:14Z,2024-12-06T12:48:14Z,76.0,bpm
Heart Rate,2024-12-06T12:51:49Z,2024-12-06T12:51:49Z,78.0,bpm
Heart Rate,2024-12-06T12:58:15Z,2024-12-06T12:58:15Z,82.0,bpm
Heart Rate,2024-12-06T13:01:45Z,2024-12-06T13:01:45Z,79.0,bpm
Heart Rate,2024-12-06T13:08:59Z,2024-12-06T13:08:59Z,116.0,bpm
Heart Rate,2024-12-06T13:09:15Z,2024-12-06T13:09:15Z,107.00000000000001,bpm
Heart Rate,2024-12-06T13:09:20Z,2024-12-06T13:09:20Z,108.0,bpm
Heart Rate,2024-12-06T13:09:27Z,2024-12-06T13:09:27Z,111.0,bpm
Heart Rate,2024-12-06T13:09:33Z,2024-12-06T13:09:33Z,104.0,bpm
Heart Rate,2024-12-06T13:09:35Z,2024-12-06T13:09:35Z,102.0,bpm
Heart Rate,2024-12-06T13:09:39Z,2024-12-06T13:09:39Z,101.0,bpm
Heart Rate,2024-12-06T13:09:44Z,2024-12-06T13:09:44Z,97.0,bpm
Heart Rate,2024-12-06T13:10:26Z,2024-12-06T13:10:26Z,79.0,bpm
Heart Rate,2024-12-06T13:12:29Z,2024-12-06T13:12:29Z,86.0,bpm
Heart Rate,2024-12-06T13:12:50Z,2024-12-06T13:12:50Z,82.6510009765625,bpm
Heart Rate,2024-12-06T13:16:29Z,2024-12-06T13:16:29Z,84.0,bpm
Heart Rate,2024-12-06T13:23:12Z,2024-12-06T13:23:12Z,78.0,bpm
Heart Rate,2024-12-06T13:27:11Z,2024-12-06T13:27:11Z,78.0,bpm
Heart Rate,2024-12-06T13:30:10Z,2024-12-06T13:30:10Z,114.0,bpm
Heart Rate,2024-12-06T13:34:11Z,2024-12-06T13:34:11Z,92.00000000000001,bpm
Heart Rate,2024-12-06T13:41:13Z,2024-12-06T13:41:13Z,80.0,bpm
Heart Rate,2024-12-06T13:46:12Z,2024-12-06T13:46:12Z,88.0,bpm
Heart Rate,2024-12-06T13:50:48Z,2024-12-06T13:50:48Z,120.0,bpm
Heart Rate,2024-12-06T13:50:55Z,2024-12-06T13:50:55Z,129.0,bpm
Heart Rate,2024-12-06T13:50:59Z,2024-12-06T13:50:59Z,131.0,bpm
Heart Rate,2024-12-06T13:51:05Z,2024-12-06T13:51:05Z,142.0,bpm
Heart Rate,2024-12-06T13:51:10Z,2024-12-06T13:51:10Z,139.00000000000003,bpm
Heart Rate,2024-12-06T13:51:11Z,2024-12-06T13:51:11Z,139.00000000000003,bpm
Heart Rate,2024-12-06T13:51:16Z,2024-12-06T13:51:16Z,137.0,bpm
Heart Rate,2024-12-06T13:51:21Z,2024-12-06T13:51:21Z,137.0,bpm
Heart Rate,2024-12-06T13:51:26Z,2024-12-06T13:51:26Z,133.0,bpm
Heart Rate,2024-12-06T13:51:33Z,2024-12-06T13:51:33Z,130.0,bpm
Heart Rate,2024-12-06T13:51:44Z,2024-12-06T13:51:44Z,127.0,bpm
Heart Rate,2024-12-06T13:51:50Z,2024-12-06T13:51:50Z,128.0,bpm
Heart Rate,2024-12-06T13:51:51Z,2024-12-06T13:51:51Z,126.0,bpm
Heart Rate,2024-12-06T13:51:59Z,2024-12-06T13:51:59Z,116.0,bpm
Heart Rate,2024-12-06T13:52:03Z,2024-12-06T13:52:03Z,115.0,bpm
Heart Rate,2024-12-06T13:52:06Z,2024-12-06T13:52:06Z,117.0,bpm
Heart Rate,2024-12-06T13:52:14Z,2024-12-06T13:52:14Z,117.0,bpm
Heart Rate,2024-12-06T13:52:20Z,2024-12-06T13:52:20Z,117.0,bpm
Heart Rate,2024-12-06T13:52:21Z,2024-12-06T13:52:21Z,117.0,bpm
Heart Rate,2024-12-06T13:52:30Z,2024-12-06T13:52:30Z,115.0,bpm
Heart Rate,2024-12-06T13:52:32Z,2024-12-06T13:52:32Z,114.0,bpm
Heart Rate,2024-12-06T13:52:38Z,2024-12-06T13:52:38Z,111.0,bpm
Heart Rate,2024-12-06T13:53:28Z,2024-12-06T13:53:28Z,93.0,bpm
Heart Rate,2024-12-06T13:59:28Z,2024-12-06T13:59:28Z,112.0,bpm
Heart Rate,2024-12-06T13:59:29Z,2024-12-06T13:59:29Z,112.0,bpm
Heart Rate,2024-12-06T13:59:38Z,2024-12-06T13:59:38Z,124.00000000000001,bpm
Heart Rate,2024-12-06T13:59:43Z,2024-12-06T13:59:43Z,133.0,bpm
Heart Rate,2024-12-06T13:59:48Z,2024-12-06T13:59:48Z,128.0,bpm
Heart Rate,2024-12-06T13:59:50Z,2024-12-06T13:59:50Z,127.0,bpm
Heart Rate,2024-12-06T13:59:54Z,2024-12-06T13:59:54Z,122.99999999999999,bpm
Heart Rate,2024-12-06T13:59:59Z,2024-12-06T13:59:59Z,121.0,bpm
Heart Rate,2024-12-06T14:00:07Z,2024-12-06T14:00:07Z,120.0,bpm
Heart Rate,2024-12-06T14:00:12Z,2024-12-06T14:00:12Z,117.0,bpm
Heart Rate,2024-12-06T14:04:33Z,2024-12-06T14:04:33Z,93.0,bpm
Heart Rate,2024-12-06T14:06:25Z,2024-12-06T14:06:25Z,90.0,bpm
Heart Rate,2024-12-06T14:15:34Z,2024-12-06T14:15:34Z,87.0,bpm
Heart Rate,2024-12-06T14:20:10Z,2024-12-06T14:20:10Z,85.0,bpm
Heart Rate,2024-12-06T14:21:50Z,2024-12-06T14:21:50Z,84.0,bpm
Heart Rate,2024-12-06T14:29:14Z,2024-12-06T14:29:14Z,88.0,bpm
Heart Rate,2024-12-06T14:35:18Z,2024-12-06T14:35:18Z,84.0,bpm
Heart Rate,2024-12-06T14:36:39Z,2024-12-06T14:36:39Z,90.0,bpm
Heart Rate,2024-12-06T14:43:05Z,2024-12-06T14:43:05Z,85.0,bpm
Heart Rate,2024-12-06T14:47:46Z,2024-12-06T14:47:46Z,90.0,bpm
Heart Rate,2024-12-06T14:54:41Z,2024-12-06T14:54:41Z,87.0,bpm
Heart Rate,2024-12-06T14:59:30Z,2024-12-06T14:59:30Z,91.0,bpm
Heart Rate,2024-12-06T15:01:48Z,2024-12-06T15:01:48Z,92.00000000000001,bpm
Heart Rate,2024-12-06T15:09:17Z,2024-12-06T15:09:17Z,81.0,bpm
Heart Rate,2024-12-06T15:16:08Z,2024-12-06T15:16:08Z,80.0,bpm
Heart Rate,2024-12-06T15:17:19Z,2024-12-06T15:17:19Z,76.0,bpm
Heart Rate,2024-12-06T15:24:21Z,2024-12-06T15:24:21Z,78.0,bpm
Heart Rate,2024-12-06T15:28:15Z,2024-12-06T15:28:15Z,84.0,bpm
Heart Rate,2024-12-06T15:35:23Z,2024-12-06T15:35:23Z,99.0,bpm
Heart Rate,2024-12-06T15:36:35Z,2024-12-06T15:36:35Z,90.0,bpm
Heart Rate,2024-12-06T15:44:22Z,2024-12-06T15:44:22Z,89.0,bpm
Heart Rate,2024-12-06T15:46:33Z,2024-12-06T15:46:33Z,85.0,bpm
Heart Rate,2024-12-06T15:47:02Z,2024-12-06T15:47:02Z,86.0,bpm
Heart Rate,2024-12-06T15:54:36Z,2024-12-06T15:54:36Z,76.0,bpm
Heart Rate,2024-12-06T15:57:17Z,2024-12-06T15:57:17Z,91.0,bpm
Heart Rate,2024-12-06T16:06:16Z,2024-12-06T16:06:16Z,80.0,bpm
Heart Rate,2024-12-06T16:11:11Z,2024-12-06T16:11:11Z,80.0,bpm
Heart Rate,2024-12-06T16:12:20Z,2024-12-06T16:12:20Z,81.0,bpm
Heart Rate,2024-12-06T16:19:09Z,2024-12-06T16:19:09Z,85.0,bpm
Heart Rate,2024-12-06T16:21:52Z,2024-12-06T16:21:52Z,79.0,bpm
Heart Rate,2024-12-06T16:26:21Z,2024-12-06T16:26:21Z,85.0,bpm
Heart Rate,2024-12-06T16:34:04Z,2024-12-06T16:34:04Z,80.0,bpm
Heart Rate,2024-12-06T16:36:20Z,2024-12-06T16:36:20Z,84.0,bpm
Heart Rate,2024-12-06T16:43:12Z,2024-12-06T16:43:12Z,81.0,bpm
Heart Rate,2024-12-06T16:44:50Z,2024-12-06T16:44:50Z,78.0,bpm
Heart Rate,2024-12-06T16:49:15Z,2024-12-06T16:49:15Z,77.00000000000001,bpm
Heart Rate,2024-12-06T16:55:17Z,2024-12-06T16:55:17Z,75.7689208984375,bpm
Heart Rate,2024-12-06T16:55:59Z,2024-12-06T16:55:59Z,74.0,bpm
Heart Rate,2024-12-06T16:57:26Z,2024-12-06T16:57:26Z,71.0,bpm
Heart Rate,2024-12-06T17:03:05Z,2024-12-06T17:03:05Z,81.0,bpm
Heart Rate,2024-12-06T17:06:35Z,2024-12-06T17:06:35Z,80.0,bpm
Heart Rate,2024-12-06T17:14:59Z,2024-12-06T17:14:59Z,80.0,bpm
Heart Rate,2024-12-06T17:21:07Z,2024-12-06T17:21:07Z,80.0,bpm
Heart Rate,2024-12-06T17:22:16Z,2024-12-06T17:22:16Z,79.0,bpm
Heart Rate,2024-12-06T17:27:05Z,2024-12-06T17:27:05Z,75.0,bpm
Heart Rate,2024-12-06T17:32:01Z,2024-12-06T17:32:01Z,79.0,bpm
Heart Rate,2024-12-06T17:43:11Z,2024-12-06T17:43:11Z,110.0,bpm
Heart Rate,2024-12-06T17:43:18Z,2024-12-06T17:43:18Z,111.0,bpm
Heart Rate,2024-12-06T17:43:23Z,2024-12-06T17:43:23Z,110.0,bpm
Heart Rate,2024-12-06T17:43:28Z,2024-12-06T17:43:28Z,111.0,bpm
Heart Rate,2024-12-06T17:43:30Z,2024-12-06T17:43:30Z,111.0,bpm
Heart Rate,2024-12-06T17:43:37Z,2024-12-06T17:43:37Z,110.0,bpm
Heart Rate,2024-12-06T17:43:43Z,2024-12-06T17:43:43Z,109.0,bpm
Heart Rate,2024-12-06T17:44:11Z,2024-12-06T17:44:11Z,112.0,bpm
Heart Rate,2024-12-06T17:44:13Z,2024-12-06T17:44:13Z,114.0,bpm
Heart Rate,2024-12-06T17:44:19Z,2024-12-06T17:44:19Z,107.00000000000001,bpm
Heart Rate,2024-12-06T17:44:22Z,2024-12-06T17:44:22Z,107.00000000000001,bpm
Heart Rate,2024-12-06T17:44:28Z,2024-12-06T17:44:28Z,106.0,bpm
Heart Rate,2024-12-06T17:44:36Z,2024-12-06T17:44:36Z,107.00000000000001,bpm
Heart Rate,2024-12-06T17:44:37Z,2024-12-06T17:44:37Z,107.00000000000001,bpm
Heart Rate,2024-12-06T17:44:42Z,2024-12-06T17:44:42Z,107.00000000000001,bpm
Heart Rate,2024-12-06T17:44:49Z,2024-12-06T17:44:49Z,108.0,bpm
Heart Rate,2024-12-06T17:44:52Z,2024-12-06T17:44:52Z,107.00000000000001,bpm
Heart Rate,2024-12-06T17:44:57Z,2024-12-06T17:44:57Z,106.0,bpm
Heart Rate,2024-12-06T17:45:05Z,2024-12-06T17:45:05Z,105.0,bpm
Heart Rate,2024-12-06T17:45:10Z,2024-12-06T17:45:10Z,109.0,bpm
Heart Rate,2024-12-06T17:45:12Z,2024-12-06T17:45:12Z,109.0,bpm
Heart Rate,2024-12-06T17:45:26Z,2024-12-06T17:45:26Z,109.0,bpm
Heart Rate,2024-12-06T17:45:27Z,2024-12-06T17:45:27Z,110.0,bpm
Heart Rate,2024-12-06T17:45:36Z,2024-12-06T17:45:36Z,107.00000000000001,bpm
Heart Rate,2024-12-06T17:45:37Z,2024-12-06T17:45:37Z,107.00000000000001,bpm
Heart Rate,2024-12-06T17:45:43Z,2024-12-06T17:45:43Z,108.0,bpm
Heart Rate,2024-12-06T17:45:48Z,2024-12-06T17:45:48Z,109.0,bpm
Heart Rate,2024-12-06T17:45:56Z,2024-12-06T17:45:56Z,116.0,bpm
Heart Rate,2024-12-06T17:46:00Z,2024-12-06T17:46:00Z,117.0,bpm
Heart Rate,2024-12-06T17:46:02Z,2024-12-06T17:46:02Z,117.0,bpm
Heart Rate,2024-12-06T17:46:08Z,2024-12-06T17:46:08Z,117.0,bpm
Heart Rate,2024-12-06T17:46:13Z,2024-12-06T17:46:13Z,116.0,bpm
Heart Rate,2024-12-06T17:46:21Z,2024-12-06T17:46:21Z,116.0,bpm
Heart Rate,2024-12-06T17:46:22Z,2024-12-06T17:46:22Z,116.0,bpm
Heart Rate,2024-12-06T17:46:27Z,2024-12-06T17:46:27Z,115.0,bpm
Heart Rate,2024-12-06T17:46:36Z,2024-12-06T17:46:36Z,118.0,bpm
Heart Rate,2024-12-06T17:46:41Z,2024-12-06T17:46:41Z,119.0,bpm
Heart Rate,2024-12-06T17:46:45Z,2024-12-06T17:46:45Z,119.0,bpm
Heart Rate,2024-12-06T17:46:47Z,2024-12-06T17:46:47Z,118.0,bpm
Heart Rate,2024-12-06T17:46:52Z,2024-12-06T17:46:52Z,117.0,bpm
Heart Rate,2024-12-06T17:46:57Z,2024-12-06T17:46:57Z,116.0,bpm
Heart Rate,2024-12-06T17:48:43Z,2024-12-06T17:48:43Z,111.0,bpm
Heart Rate,2024-12-06T17:48:46Z,2024-12-06T17:48:46Z,122.99999999999999,bpm
Heart Rate,2024-12-06T17:48:50Z,2024-12-06T17:48:50Z,121.0,bpm
Heart Rate,2024-12-06T17:48:59Z,2024-12-06T17:48:59Z,122.0,bpm
Heart Rate,2024-12-06T17:49:04Z,2024-12-06T17:49:04Z,122.0,bpm
Heart Rate,2024-12-06T17:49:05Z,2024-12-06T17:49:05Z,122.99999999999999,bpm
Heart Rate,2024-12-06T17:49:10Z,2024-12-06T17:49:10Z,125.00000000000001,bpm
Heart Rate,2024-12-06T17:49:15Z,2024-12-06T17:49:15Z,126.0,bpm
Heart Rate,2024-12-06T17:49:24Z,2024-12-06T17:49:24Z,122.99999999999999,bpm
Heart Rate,2024-12-06T17:49:25Z,2024-12-06T17:49:25Z,122.99999999999999,bpm
Heart Rate,2024-12-06T17:49:30Z,2024-12-06T17:49:30Z,125.00000000000001,bpm
Heart Rate,2024-12-06T17:49:38Z,2024-12-06T17:49:38Z,127.0,bpm
Heart Rate,2024-12-06T17:49:41Z,2024-12-06T17:49:41Z,128.0,bpm
Heart Rate,2024-12-06T17:49:49Z,2024-12-06T17:49:49Z,127.0,bpm
Heart Rate,2024-12-06T17:49:50Z,2024-12-06T17:49:50Z,127.0,bpm
Heart Rate,2024-12-06T17:49:57Z,2024-12-06T17:49:57Z,126.0,bpm
Heart Rate,2024-12-06T17:50:03Z,2024-12-06T17:50:03Z,126.0,bpm
Heart Rate,2024-12-06T17:50:07Z,2024-12-06T17:50:07Z,127.0,bpm
Heart Rate,2024-12-06T17:50:14Z,2024-12-06T17:50:14Z,127.0,bpm
Heart Rate,2024-12-06T17:50:15Z,2024-12-06T17:50:15Z,127.0,bpm
Heart Rate,2024-12-06T17:50:23Z,2024-12-06T17:50:23Z,126.0,bpm
Heart Rate,2024-12-06T17:50:27Z,2024-12-06T17:50:27Z,122.99999999999999,bpm
Heart Rate,2024-12-06T17:50:30Z,2024-12-06T17:50:30Z,113.0,bpm
Heart Rate,2024-12-06T17:50:39Z,2024-12-06T17:50:39Z,113.0,bpm
Heart Rate,2024-12-06T17:50:40Z,2024-12-06T17:50:40Z,110.0,bpm
Heart Rate,2024-12-06T17:50:54Z,2024-12-06T17:50:54Z,110.0,bpm
Heart Rate,2024-12-06T17:50:57Z,2024-12-06T17:50:57Z,115.0,bpm
Heart Rate,2024-12-06T17:51:02Z,2024-12-06T17:51:02Z,111.0,bpm
Heart Rate,2024-12-06T17:52:39Z,2024-12-06T17:52:39Z,110.0,bpm
Heart Rate,2024-12-06T17:52:44Z,2024-12-06T17:52:44Z,116.0,bpm
Heart Rate,2024-12-06T17:52:49Z,2024-12-06T17:52:49Z,121.0,bpm
Heart Rate,2024-12-06T17:52:50Z,2024-12-06T17:52:50Z,121.0,bpm
Heart Rate,2024-12-06T17:52:57Z,2024-12-06T17:52:57Z,118.0,bpm
Heart Rate,2024-12-06T17:53:00Z,2024-12-06T17:53:00Z,118.0,bpm
Heart Rate,2024-12-06T17:53:09Z,2024-12-06T17:53:09Z,114.0,bpm
Heart Rate,2024-12-06T17:53:12Z,2024-12-06T17:53:12Z,115.0,bpm
Heart Rate,2024-12-06T17:53:15Z,2024-12-06T17:53:15Z,116.0,bpm
Heart Rate,2024-12-06T17:53:24Z,2024-12-06T17:53:24Z,120.0,bpm
Heart Rate,2024-12-06T17:53:29Z,2024-12-06T17:53:29Z,119.0,bpm
Heart Rate,2024-12-06T17:53:30Z,2024-12-06T17:53:30Z,119.0,bpm
Heart Rate,2024-12-06T17:53:37Z,2024-12-06T17:53:37Z,122.0,bpm
Heart Rate,2024-12-06T17:53:40Z,2024-12-06T17:53:40Z,124.00000000000001,bpm
Heart Rate,2024-12-06T17:53:47Z,2024-12-06T17:53:47Z,124.00000000000001,bpm
Heart Rate,2024-12-06T17:53:51Z,2024-12-06T17:53:51Z,126.0,bpm
Heart Rate,2024-12-06T17:53:58Z,2024-12-06T17:53:58Z,124.00000000000001,bpm
Heart Rate,2024-12-06T17:54:02Z,2024-12-06T17:54:02Z,126.0,bpm
Heart Rate,2024-12-06T17:54:05Z,2024-12-06T17:54:05Z,126.0,bpm
Heart Rate,2024-12-06T17:54:10Z,2024-12-06T17:54:10Z,127.0,bpm
Heart Rate,2024-12-06T17:54:18Z,2024-12-06T17:54:18Z,131.0,bpm
Heart Rate,2024-12-06T17:54:22Z,2024-12-06T17:54:22Z,131.0,bpm
Heart Rate,2024-12-06T17:54:26Z,2024-12-06T17:54:26Z,133.0,bpm
Heart Rate,2024-12-06T17:54:34Z,2024-12-06T17:54:34Z,135.0,bpm
Heart Rate,2024-12-06T17:54:39Z,2024-12-06T17:54:39Z,133.0,bpm
Heart Rate,2024-12-06T17:54:41Z,2024-12-06T17:54:41Z,132.0,bpm
Heart Rate,2024-12-06T17:54:45Z,2024-12-06T17:54:45Z,126.0,bpm
Heart Rate,2024-12-06T17:54:53Z,2024-12-06T17:54:53Z,113.0,bpm
Heart Rate,2024-12-06T17:54:58Z,2024-12-06T17:54:58Z,108.0,bpm
Heart Rate,2024-12-06T17:55:00Z,2024-12-06T17:55:00Z,112.0,bpm
Heart Rate,2024-12-06T17:55:09Z,2024-12-06T17:55:09Z,128.0,bpm
Heart Rate,2024-12-06T17:55:14Z,2024-12-06T17:55:14Z,122.99999999999999,bpm
Heart Rate,2024-12-06T17:55:16Z,2024-12-06T17:55:16Z,120.0,bpm
Heart Rate,2024-12-06T17:55:24Z,2024-12-06T17:55:24Z,113.0,bpm
Heart Rate,2024-12-06T17:55:29Z,2024-12-06T17:55:29Z,113.0,bpm
Heart Rate,2024-12-06T17:55:34Z,2024-12-06T17:55:34Z,107.00000000000001,bpm
Heart Rate,2024-12-06T17:55:35Z,2024-12-06T17:55:35Z,106.0,bpm
Heart Rate,2024-12-06T17:55:40Z,2024-12-06T17:55:40Z,109.0,bpm
Heart Rate,2024-12-06T17:55:46Z,2024-12-06T17:55:46Z,111.0,bpm
Heart Rate,2024-12-06T17:55:54Z,2024-12-06T17:55:54Z,114.0,bpm
Heart Rate,2024-12-06T17:55:57Z,2024-12-06T17:55:57Z,115.0,bpm
Heart Rate,2024-12-06T17:56:04Z,2024-12-06T17:56:04Z,114.0,bpm
Heart Rate,2024-12-06T17:56:05Z,2024-12-06T17:56:05Z,114.0,bpm
Heart Rate,2024-12-06T17:56:14Z,2024-12-06T17:56:14Z,115.0,bpm
Heart Rate,2024-12-06T17:56:15Z,2024-12-06T17:56:15Z,116.0,bpm
Heart Rate,2024-12-06T17:56:20Z,2024-12-06T17:56:20Z,115.0,bpm
Heart Rate,2024-12-06T17:56:29Z,2024-12-06T17:56:29Z,117.0,bpm
Heart Rate,2024-12-06T17:56:34Z,2024-12-06T17:56:34Z,116.0,bpm
Heart Rate,2024-12-06T17:56:36Z,2024-12-06T17:56:36Z,116.0,bpm
Heart Rate,2024-12-06T17:56:44Z,2024-12-06T17:56:44Z,117.0,bpm
Heart Rate,2024-12-06T17:56:49Z,2024-12-06T17:56:49Z,121.0,bpm
Heart Rate,2024-12-06T17:56:53Z,2024-12-06T17:56:53Z,122.0,bpm
Heart Rate,2024-12-06T17:56:55Z,2024-12-06T17:56:55Z,121.0,bpm
Heart Rate,2024-12-06T17:57:02Z,2024-12-06T17:57:02Z,125.00000000000001,bpm
Heart Rate,2024-12-06T17:57:07Z,2024-12-06T17:57:07Z,122.0,bpm
Heart Rate,2024-12-06T17:57:10Z,2024-12-06T17:57:10Z,120.0,bpm
Heart Rate,2024-12-06T17:57:19Z,2024-12-06T17:57:19Z,119.0,bpm
Heart Rate,2024-12-06T17:57:23Z,2024-12-06T17:57:23Z,118.0,bpm
Heart Rate,2024-12-06T17:57:25Z,2024-12-06T17:57:25Z,117.0,bpm
Heart Rate,2024-12-06T17:57:34Z,2024-12-06T17:57:34Z,111.0,bpm
Heart Rate,2024-12-06T17:57:39Z,2024-12-06T17:57:39Z,107.00000000000001,bpm
Heart Rate,2024-12-06T17:57:44Z,2024-12-06T17:57:44Z,105.0,bpm
Heart Rate,2024-12-06T17:57:45Z,2024-12-06T17:57:45Z,105.0,bpm
Heart Rate,2024-12-06T17:57:50Z,2024-12-06T17:57:50Z,108.0,bpm
Heart Rate,2024-12-06T17:57:58Z,2024-12-06T17:57:58Z,96.0,bpm
Heart Rate,2024-12-06T17:58:04Z,2024-12-06T17:58:04Z,92.00000000000001,bpm
Heart Rate,2024-12-06T17:58:06Z,2024-12-06T17:58:06Z,92.00000000000001,bpm
Heart Rate,2024-12-06T17:58:13Z,2024-12-06T17:58:13Z,87.0,bpm
Heart Rate,2024-12-06T17:58:15Z,2024-12-06T17:58:15Z,87.0,bpm
Heart Rate,2024-12-06T17:58:24Z,2024-12-06T17:58:24Z,94.0,bpm
Heart Rate,2024-12-06T17:58:29Z,2024-12-06T17:58:29Z,94.0,bpm
Heart Rate,2024-12-06T17:58:30Z,2024-12-06T17:58:30Z,95.0,bpm
Heart Rate,2024-12-06T17:58:35Z,2024-12-06T17:58:35Z,98.0,bpm
Heart Rate,2024-12-06T17:58:43Z,2024-12-06T17:58:43Z,104.0,bpm
Heart Rate,2024-12-06T17:58:45Z,2024-12-06T17:58:45Z,105.0,bpm
Heart Rate,2024-12-06T17:58:54Z,2024-12-06T17:58:54Z,111.0,bpm
Heart Rate,2024-12-06T17:58:56Z,2024-12-06T17:58:56Z,113.0,bpm
Heart Rate,2024-12-06T17:59:00Z,2024-12-06T17:59:00Z,113.0,bpm
Heart Rate,2024-12-06T17:59:05Z,2024-12-06T17:59:05Z,114.0,bpm
Heart Rate,2024-12-06T17:59:10Z,2024-12-06T17:59:10Z,117.0,bpm
Heart Rate,2024-12-06T17:59:18Z,2024-12-06T17:59:18Z,120.0,bpm
Heart Rate,2024-12-06T17:59:22Z,2024-12-06T17:59:22Z,122.0,bpm
Heart Rate,2024-12-06T17:59:26Z,2024-12-06T17:59:26Z,120.0,bpm
Heart Rate,2024-12-06T17:59:30Z,2024-12-06T17:59:30Z,116.0,bpm
Heart Rate,2024-12-06T17:59:37Z,2024-12-06T17:59:37Z,110.0,bpm
Heart Rate,2024-12-06T18:01:14Z,2024-12-06T18:01:14Z,80.0,bpm
Heart Rate,2024-12-06T18:05:18Z,2024-12-06T18:05:18Z,87.0,bpm
Heart Rate,2024-12-06T18:09:07Z,2024-12-06T18:09:07Z,137.0,bpm
Heart Rate,2024-12-06T18:10:38Z,2024-12-06T18:10:38Z,93.0,bpm
Heart Rate,2024-12-06T18:16:17Z,2024-12-06T18:16:17Z,82.0,bpm
Heart Rate,2024-12-06T18:20:01Z,2024-12-06T18:20:01Z,84.0,bpm
Heart Rate,2024-12-06T18:23:05Z,2024-12-06T18:23:05Z,79.0,bpm
Heart Rate,2024-12-06T18:26:51Z,2024-12-06T18:26:51Z,88.0,bpm
Heart Rate,2024-12-06T18:35:21Z,2024-12-06T18:35:21Z,119.0,bpm
Heart Rate,2024-12-06T18:35:27Z,2024-12-06T18:35:27Z,126.0,bpm
Heart Rate,2024-12-06T18:35:31Z,2024-12-06T18:35:31Z,124.00000000000001,bpm
Heart Rate,2024-12-06T18:35:34Z,2024-12-06T18:35:34Z,133.0,bpm
Heart Rate,2024-12-06T18:35:42Z,2024-12-06T18:35:42Z,144.0,bpm
Heart Rate,2024-12-06T18:35:44Z,2024-12-06T18:35:44Z,145.0,bpm
Heart Rate,2024-12-06T18:35:52Z,2024-12-06T18:35:52Z,143.0,bpm
Heart Rate,2024-12-06T18:35:55Z,2024-12-06T18:35:55Z,143.0,bpm
Heart Rate,2024-12-06T18:35:58Z,2024-12-06T18:35:58Z,142.0,bpm
Heart Rate,2024-12-06T18:36:07Z,2024-12-06T18:36:07Z,140.0,bpm
Heart Rate,2024-12-06T18:36:09Z,2024-12-06T18:36:09Z,141.0,bpm
Heart Rate,2024-12-06T18:36:16Z,2024-12-06T18:36:16Z,142.0,bpm
Heart Rate,2024-12-06T18:36:22Z,2024-12-06T18:36:22Z,141.0,bpm
Heart Rate,2024-12-06T18:36:24Z,2024-12-06T18:36:24Z,141.0,bpm
Heart Rate,2024-12-06T18:36:31Z,2024-12-06T18:36:31Z,139.00000000000003,bpm
Heart Rate,2024-12-06T18:36:35Z,2024-12-06T18:36:35Z,140.0,bpm
Heart Rate,2024-12-06T18:36:40Z,2024-12-06T18:36:40Z,140.0,bpm
Heart Rate,2024-12-06T18:36:43Z,2024-12-06T18:36:43Z,139.00000000000003,bpm
Heart Rate,2024-12-06T18:36:52Z,2024-12-06T18:36:52Z,140.0,bpm
Heart Rate,2024-12-06T18:36:53Z,2024-12-06T18:36:53Z,141.0,bpm
Heart Rate,2024-12-06T18:37:02Z,2024-12-06T18:37:02Z,144.0,bpm
Heart Rate,2024-12-06T18:37:03Z,2024-12-06T18:37:03Z,144.0,bpm
Heart Rate,2024-12-06T18:37:12Z,2024-12-06T18:37:12Z,145.0,bpm
Heart Rate,2024-12-06T18:37:14Z,2024-12-06T18:37:14Z,146.0,bpm
Heart Rate,2024-12-06T18:37:22Z,2024-12-06T18:37:22Z,146.0,bpm
Heart Rate,2024-12-06T18:37:27Z,2024-12-06T18:37:27Z,144.0,bpm
Heart Rate,2024-12-06T18:37:28Z,2024-12-06T18:37:28Z,144.0,bpm
Heart Rate,2024-12-06T18:37:37Z,2024-12-06T18:37:37Z,141.0,bpm
Heart Rate,2024-12-06T18:37:40Z,2024-12-06T18:37:40Z,140.0,bpm
Heart Rate,2024-12-06T18:37:45Z,2024-12-06T18:37:45Z,142.0,bpm
Heart Rate,2024-12-06T18:37:50Z,2024-12-06T18:37:50Z,140.0,bpm
Heart Rate,2024-12-06T18:37:53Z,2024-12-06T18:37:53Z,138.0,bpm
Heart Rate,2024-12-06T18:37:59Z,2024-12-06T18:37:59Z,138.0,bpm
Heart Rate,2024-12-06T18:38:06Z,2024-12-06T18:38:06Z,139.00000000000003,bpm
Heart Rate,2024-12-06T18:38:12Z,2024-12-06T18:38:12Z,139.00000000000003,bpm
Heart Rate,2024-12-06T18:38:14Z,2024-12-06T18:38:14Z,139.00000000000003,bpm
Heart Rate,2024-12-06T18:38:18Z,2024-12-06T18:38:18Z,138.0,bpm
Heart Rate,2024-12-06T18:38:26Z,2024-12-06T18:38:26Z,138.0,bpm
Heart Rate,2024-12-06T18:38:28Z,2024-12-06T18:38:28Z,138.0,bpm
Heart Rate,2024-12-06T18:38:36Z,2024-12-06T18:38:36Z,136.0,bpm
Heart Rate,2024-12-06T18:38:42Z,2024-12-06T18:38:42Z,136.0,bpm
Heart Rate,2024-12-06T18:38:44Z,2024-12-06T18:38:44Z,137.0,bpm
Heart Rate,2024-12-06T18:38:48Z,2024-12-06T18:38:48Z,136.0,bpm
Heart Rate,2024-12-06T18:38:56Z,2024-12-06T18:38:56Z,138.0,bpm
Heart Rate,2024-12-06T18:38:59Z,2024-12-06T18:38:59Z,138.0,bpm
Heart Rate,2024-12-06T18:39:07Z,2024-12-06T18:39:07Z,139.00000000000003,bpm
Heart Rate,2024-12-06T18:39:11Z,2024-12-06T18:39:11Z,137.0,bpm
Heart Rate,2024-12-06T18:39:15Z,2024-12-06T18:39:15Z,139.00000000000003,bpm
Heart Rate,2024-12-06T18:39:21Z,2024-12-06T18:39:21Z,139.00000000000003,bpm
Heart Rate,2024-12-06T18:39:23Z,2024-12-06T18:39:23Z,139.00000000000003,bpm
Heart Rate,2024-12-06T18:39:32Z,2024-12-06T18:39:32Z,138.0,bpm
Heart Rate,2024-12-06T18:39:36Z,2024-12-06T18:39:36Z,139.00000000000003,bpm
Heart Rate,2024-12-06T18:39:39Z,2024-12-06T18:39:39Z,139.00000000000003,bpm
Heart Rate,2024-12-06T18:39:44Z,2024-12-06T18:39:44Z,137.0,bpm
Heart Rate,2024-12-06T18:39:48Z,2024-12-06T18:39:48Z,137.0,bpm
Heart Rate,2024-12-06T18:39:57Z,2024-12-06T18:39:57Z,136.0,bpm
Heart Rate,2024-12-06T18:40:01Z,2024-12-06T18:40:01Z,132.0,bpm
Heart Rate,2024-12-06T18:40:04Z,2024-12-06T18:40:04Z,131.0,bpm
Heart Rate,2024-12-06T18:40:12Z,2024-12-06T18:40:12Z,130.0,bpm
Heart Rate,2024-12-06T18:40:13Z,2024-12-06T18:40:13Z,130.0,bpm
Heart Rate,2024-12-06T18:40:19Z,2024-12-06T18:40:19Z,131.0,bpm
Heart Rate,2024-12-06T18:40:27Z,2024-12-06T18:40:27Z,131.0,bpm
Heart Rate,2024-12-06T18:40:29Z,2024-12-06T18:40:29Z,131.0,bpm
Heart Rate,2024-12-06T18:40:37Z,2024-12-06T18:40:37Z,127.0,bpm
Heart Rate,2024-12-06T18:40:42Z,2024-12-06T18:40:42Z,122.99999999999999,bpm
Heart Rate,2024-12-06T18:40:43Z,2024-12-06T18:40:43Z,124.00000000000001,bpm
Heart Rate,2024-12-06T18:40:50Z,2024-12-06T18:40:50Z,122.99999999999999,bpm
Heart Rate,2024-12-06T18:40:57Z,2024-12-06T18:40:57Z,111.0,bpm
Heart Rate,2024-12-06T18:40:58Z,2024-12-06T18:40:58Z,111.0,bpm
Heart Rate,2024-12-06T18:41:03Z,2024-12-06T18:41:03Z,112.0,bpm
Heart Rate,2024-12-06T18:41:08Z,2024-12-06T18:41:08Z,111.0,bpm
Heart Rate,2024-12-06T18:41:17Z,2024-12-06T18:41:17Z,118.0,bpm
Heart Rate,2024-12-06T18:41:21Z,2024-12-06T18:41:21Z,118.0,bpm
Heart Rate,2024-12-06T18:41:23Z,2024-12-06T18:41:23Z,117.0,bpm
Heart Rate,2024-12-06T18:41:28Z,2024-12-06T18:41:28Z,113.0,bpm
Heart Rate,2024-12-06T18:41:35Z,2024-12-06T18:41:35Z,117.0,bpm
Heart Rate,2024-12-06T18:41:38Z,2024-12-06T18:41:38Z,117.0,bpm
Heart Rate,2024-12-06T18:41:43Z,2024-12-06T18:41:43Z,115.0,bpm
Heart Rate,2024-12-06T18:41:48Z,2024-12-06T18:41:48Z,114.0,bpm
Heart Rate,2024-12-06T18:41:57Z,2024-12-06T18:41:57Z,114.0,bpm
Heart Rate,2024-12-06T18:41:59Z,2024-12-06T18:41:59Z,114.0,bpm
Heart Rate,2024-12-06T18:42:04Z,2024-12-06T18:42:04Z,117.0,bpm
Heart Rate,2024-12-06T18:42:09Z,2024-12-06T18:42:09Z,117.0,bpm
Heart Rate,2024-12-06T18:42:13Z,2024-12-06T18:42:13Z,118.0,bpm
Heart Rate,2024-12-06T18:42:22Z,2024-12-06T18:42:22Z,104.0,bpm
Heart Rate,2024-12-06T18:42:23Z,2024-12-06T18:42:23Z,104.0,bpm
Heart Rate,2024-12-06T18:42:28Z,2024-12-06T18:42:28Z,110.0,bpm
Heart Rate,2024-12-06T18:42:35Z,2024-12-06T18:42:35Z,116.0,bpm
Heart Rate,2024-12-06T18:42:40Z,2024-12-06T18:42:40Z,121.0,bpm
Heart Rate,2024-12-06T18:42:45Z,2024-12-06T18:42:45Z,122.0,bpm
Heart Rate,2024-12-06T18:42:48Z,2024-12-06T18:42:48Z,121.0,bpm
Heart Rate,2024-12-06T18:42:53Z,2024-12-06T18:42:53Z,119.0,bpm
Heart Rate,2024-12-06T18:43:02Z,2024-12-06T18:43:02Z,119.0,bpm
Heart Rate,2024-12-06T18:43:04Z,2024-12-06T18:43:04Z,120.0,bpm
Heart Rate,2024-12-06T18:43:08Z,2024-12-06T18:43:08Z,121.0,bpm
Heart Rate,2024-12-06T18:43:15Z,2024-12-06T18:43:15Z,124.00000000000001,bpm
Heart Rate,2024-12-06T18:43:18Z,2024-12-06T18:43:18Z,124.00000000000001,bpm
Heart Rate,2024-12-06T18:43:24Z,2024-12-06T18:43:24Z,125.00000000000001,bpm
Heart Rate,2024-12-06T18:43:28Z,2024-12-06T18:43:28Z,124.00000000000001,bpm
Heart Rate,2024-12-06T18:43:33Z,2024-12-06T18:43:33Z,122.99999999999999,bpm
Heart Rate,2024-12-06T18:43:42Z,2024-12-06T18:43:42Z,122.99999999999999,bpm
Heart Rate,2024-12-06T18:43:43Z,2024-12-06T18:43:43Z,122.99999999999999,bpm
Heart Rate,2024-12-06T18:43:52Z,2024-12-06T18:43:52Z,122.0,bpm
Heart Rate,2024-12-06T18:43:53Z,2024-12-06T18:43:53Z,122.0,bpm
Heart Rate,2024-12-06T18:43:58Z,2024-12-06T18:43:58Z,121.0,bpm
Heart Rate,2024-12-06T18:44:04Z,2024-12-06T18:44:04Z,121.0,bpm
Heart Rate,2024-12-06T18:44:08Z,2024-12-06T18:44:08Z,121.0,bpm
Heart Rate,2024-12-06T18:44:21Z,2024-12-06T18:44:21Z,119.0,bpm
Heart Rate,2024-12-06T22:45:24Z,2024-12-06T22:45:24Z,73.0323715209961,bpm
Heart Rate,2024-12-06T22:45:27Z,2024-12-06T22:45:27Z,73.0,bpm
Heart Rate,2024-12-06T22:47:29Z,2024-12-06T22:47:29Z,71.0,bpm
Heart Rate,2024-12-06T22:51:31Z,2024-12-06T22:51:31Z,70.0,bpm
Heart Rate,2024-12-06T22:53:34Z,2024-12-06T22:53:34Z,72.0,bpm
Heart Rate,2024-12-06T22:56:38Z,2024-12-06T22:56:38Z,71.0,bpm
Heart Rate,2024-12-06T23:05:43Z,2024-12-06T23:05:43Z,66.0,bpm
Heart Rate,2024-12-06T23:07:40Z,2024-12-06T23:07:40Z,67.0,bpm
Heart Rate,2024-12-06T23:14:15Z,2024-12-06T23:14:15Z,71.0,bpm
Heart Rate,2024-12-06T23:16:36Z,2024-12-06T23:16:36Z,71.0,bpm
Heart Rate,2024-12-06T23:22:17Z,2024-12-06T23:22:17Z,72.0,bpm
Heart Rate,2024-12-06T23:26:44Z,2024-12-06T23:26:44Z,71.0,bpm
Heart Rate,2024-12-06T23:31:28Z,2024-12-06T23:31:28Z,71.0,bpm
Heart Rate,2024-12-06T23:36:21Z,2024-12-06T23:36:21Z,73.0,bpm
Heart Rate,2024-12-06T23:41:45Z,2024-12-06T23:41:45Z,70.0,bpm
Heart Rate,2024-12-06T23:42:07Z,2024-12-06T23:42:07Z,71.0,bpm
Heart Rate,2024-12-06T23:49:57Z,2024-12-06T23:49:57Z,74.0,bpm
Heart Rate,2024-12-06T23:52:10Z,2024-12-06T23:52:10Z,71.0,bpm
Heart Rate,2024-12-07T00:01:07Z,2024-12-07T00:01:07Z,69.0,bpm
Heart Rate,2024-12-07T00:06:08Z,2024-12-07T00:06:08Z,72.0,bpm
Heart Rate,2024-12-07T00:07:26Z,2024-12-07T00:07:26Z,72.0,bpm
Heart Rate,2024-12-07T00:11:45Z,2024-12-07T00:11:45Z,73.0,bpm
Heart Rate,2024-12-07T00:13:52Z,2024-12-07T00:13:52Z,72.0,bpm
Heart Rate,2024-12-07T00:16:21Z,2024-12-07T00:16:21Z,68.0,bpm
Heart Rate,2024-12-07T00:21:21Z,2024-12-07T00:21:21Z,72.0,bpm
Heart Rate,2024-12-07T00:30:35Z,2024-12-07T00:30:35Z,72.0,bpm
Heart Rate,2024-12-07T00:31:37Z,2024-12-07T00:31:37Z,72.0,bpm
Heart Rate,2024-12-07T00:36:22Z,2024-12-07T00:36:22Z,72.0,bpm
Heart Rate,2024-12-07T00:41:46Z,2024-12-07T00:41:46Z,74.0,bpm
Heart Rate,2024-12-07T00:42:12Z,2024-12-07T00:42:12Z,73.0,bpm
Heart Rate,2024-12-07T00:46:03Z,2024-12-07T00:46:03Z,71.32929229736328,bpm
Heart Rate,2024-12-07T00:46:23Z,2024-12-07T00:46:23Z,72.0,bpm
Heart Rate,2024-12-07T00:53:46Z,2024-12-07T00:53:46Z,73.0,bpm
Heart Rate,2024-12-07T01:00:30Z,2024-12-07T01:00:30Z,73.0,bpm
Heart Rate,2024-12-07T01:02:36Z,2024-12-07T01:02:36Z,71.0,bpm
Heart Rate,2024-12-07T01:10:04Z,2024-12-07T01:10:04Z,84.0,bpm
Heart Rate,2024-12-07T01:11:47Z,2024-12-07T01:11:47Z,97.0,bpm
Heart Rate,2024-12-07T01:11:48Z,2024-12-07T01:11:48Z,73.0,bpm
Heart Rate,2024-12-07T01:16:45Z,2024-12-07T01:16:45Z,75.0,bpm
Heart Rate,2024-12-07T01:24:44Z,2024-12-07T01:24:44Z,71.0,bpm
Heart Rate,2024-12-07T01:28:32Z,2024-12-07T01:28:32Z,71.0,bpm
Heart Rate,2024-12-07T01:31:18Z,2024-12-07T01:31:18Z,71.0,bpm
Heart Rate,2024-12-07T01:36:36Z,2024-12-07T01:36:36Z,71.0,bpm
Heart Rate,2024-12-07T01:41:48Z,2024-12-07T01:41:48Z,69.0,bpm
Heart Rate,2024-12-07T01:46:09Z,2024-12-07T01:46:09Z,66.0,bpm
Heart Rate,2024-12-07T01:50:03Z,2024-12-07T01:50:03Z,72.0,bpm
Heart Rate,2024-12-07T01:55:43Z,2024-12-07T01:55:43Z,72.0,bpm
Heart Rate,2024-12-07T01:57:45Z,2024-12-07T01:57:45Z,70.0,bpm
Heart Rate,2024-12-07T02:02:10Z,2024-12-07T02:02:10Z,72.0,bpm
Heart Rate,2024-12-07T02:06:23Z,2024-12-07T02:06:23Z,68.0,bpm
Heart Rate,2024-12-07T02:11:49Z,2024-12-07T02:11:49Z,66.0,bpm
Heart Rate,2024-12-07T02:16:00Z,2024-12-07T02:16:00Z,64.0,bpm
Heart Rate,2024-12-07T02:17:03Z,2024-12-07T02:17:03Z,63.0,bpm
Heart Rate,2024-12-07T02:21:39Z,2024-12-07T02:21:39Z,62.00000000000001,bpm
Heart Rate,2024-12-07T02:28:53Z,2024-12-07T02:28:53Z,64.0,bpm
Heart Rate,2024-12-07T02:33:38Z,2024-12-07T02:33:38Z,63.0,bpm
Heart Rate,2024-12-07T02:37:30Z,2024-12-07T02:37:30Z,63.0,bpm
Heart Rate,2024-12-07T02:42:51Z,2024-12-07T02:42:51Z,63.0,bpm
Heart Rate,2024-12-07T02:49:56Z,2024-12-07T02:49:56Z,54.0,bpm
Heart Rate,2024-12-07T02:52:53Z,2024-12-07T02:52:53Z,64.0,bpm
Heart Rate,2024-12-07T02:56:49Z,2024-12-07T02:56:49Z,62.00000000000001,bpm
Heart Rate,2024-12-07T03:02:18Z,2024-12-07T03:02:18Z,63.0,bpm
Heart Rate,2024-12-07T03:04:17Z,2024-12-07T03:04:17Z,58.0,bpm
Heart Rate,2024-12-07T03:06:23Z,2024-12-07T03:06:23Z,59.0,bpm
Heart Rate,2024-12-07T03:11:53Z,2024-12-07T03:11:53Z,62.00000000000001,bpm
Heart Rate,2024-12-07T03:20:17Z,2024-12-07T03:20:17Z,63.0,bpm
Heart Rate,2024-12-07T03:25:48Z,2024-12-07T03:25:48Z,63.0,bpm
Heart Rate,2024-12-07T03:29:15Z,2024-12-07T03:29:15Z,64.0,bpm
Heart Rate,2024-12-07T03:34:27Z,2024-12-07T03:34:27Z,64.0,bpm
Heart Rate,2024-12-07T03:36:19Z,2024-12-07T03:36:19Z,64.0,bpm
Heart Rate,2024-12-07T03:41:19Z,2024-12-07T03:41:19Z,64.0,bpm
Heart Rate,2024-12-07T03:46:49Z,2024-12-07T03:46:49Z,64.0,bpm
Heart Rate,2024-12-07T03:52:14Z,2024-12-07T03:52:14Z,64.0,bpm
Heart Rate,2024-12-07T03:53:40Z,2024-12-07T03:53:40Z,69.0,bpm
Heart Rate,2024-12-07T03:56:26Z,2024-12-07T03:56:26Z,64.0,bpm
Heart Rate,2024-12-07T04:01:48Z,2024-12-07T04:01:48Z,64.0,bpm
Heart Rate,2024-12-07T04:10:20Z,2024-12-07T04:10:20Z,68.0,bpm
Heart Rate,2024-12-07T04:13:20Z,2024-12-07T04:13:20Z,63.0,bpm
Heart Rate,2024-12-07T04:16:30Z,2024-12-07T04:16:30Z,66.0,bpm
Heart Rate,2024-12-07T04:22:12Z,2024-12-07T04:22:12Z,59.0,bpm
Heart Rate,2024-12-07T04:23:41Z,2024-12-07T04:23:41Z,75.0,bpm
Heart Rate,2024-12-07T04:29:35Z,2024-12-07T04:29:35Z,64.0,bpm
Heart Rate,2024-12-07T04:31:18Z,2024-12-07T04:31:18Z,72.0,bpm
Heart Rate,2024-12-07T04:38:50Z,2024-12-07T04:38:50Z,59.0,bpm
Heart Rate,2024-12-07T04:42:15Z,2024-12-07T04:42:15Z,60.0,bpm
Heart Rate,2024-12-07T04:46:01Z,2024-12-07T04:46:01Z,57.94731140136719,bpm
Heart Rate,2024-12-07T04:47:06Z,2024-12-07T04:47:06Z,59.0,bpm
Heart Rate,2024-12-07T04:53:15Z,2024-12-07T04:53:15Z,63.0,bpm
Heart Rate,2024-12-07T04:53:42Z,2024-12-07T04:53:42Z,63.0,bpm
Heart Rate,2024-12-07T04:57:21Z,2024-12-07T04:57:21Z,63.0,bpm
Heart Rate,2024-12-07T05:04:01Z,2024-12-07T05:04:01Z,63.0,bpm
Heart Rate,2024-12-07T05:06:48Z,2024-12-07T05:06:48Z,63.0,bpm
Heart Rate,2024-12-07T05:11:56Z,2024-12-07T05:11:56Z,64.0,bpm
Heart Rate,2024-12-07T05:16:56Z,2024-12-07T05:16:56Z,64.0,bpm
Heart Rate,2024-12-07T05:23:43Z,2024-12-07T05:23:43Z,65.0,bpm
Heart Rate,2024-12-07T05:24:21Z,2024-12-07T05:24:21Z,63.0,bpm
Heart Rate,2024-12-07T05:29:17Z,2024-12-07T05:29:17Z,66.0,bpm
Heart Rate,2024-12-07T05:32:19Z,2024-12-07T05:32:19Z,65.0,bpm
Heart Rate,2024-12-07T05:41:04Z,2024-12-07T05:41:04Z,65.0,bpm
Heart Rate,2024-12-07T05:45:18Z,2024-12-07T05:45:18Z,64.0,bpm
Heart Rate,2024-12-07T05:49:01Z,2024-12-07T05:49:01Z,64.0,bpm
Heart Rate,2024-12-07T05:53:44Z,2024-12-07T05:53:44Z,58.0,bpm
Heart Rate,2024-12-07T05:54:11Z,2024-12-07T05:54:11Z,67.0,bpm
Heart Rate,2024-12-07T05:56:46Z,2024-12-07T05:56:46Z,67.0,bpm
Heart Rate,2024-12-07T06:02:37Z,2024-12-07T06:02:37Z,65.0,bpm
Heart Rate,2024-12-07T06:06:56Z,2024-12-07T06:06:56Z,66.0,bpm
Heart Rate,2024-12-07T06:11:57Z,2024-12-07T06:11:57Z,67.0,bpm
Heart Rate,2024-12-07T06:16:20Z,2024-12-07T06:16:20Z,67.0,bpm
Heart Rate,2024-12-07T06:21:21Z,2024-12-07T06:21:21Z,66.0,bpm
Heart Rate,2024-12-07T06:23:44Z,2024-12-07T06:23:44Z,66.0,bpm
Heart Rate,2024-12-07T06:27:09Z,2024-12-07T06:27:09Z,67.0,bpm
Heart Rate,2024-12-07T06:35:29Z,2024-12-07T06:35:29Z,60.0,bpm
Heart Rate,2024-12-07T06:38:51Z,2024-12-07T06:38:51Z,60.0,bpm
Heart Rate,2024-12-07T06:44:00Z,2024-12-07T06:44:00Z,60.0,bpm
Heart Rate,2024-12-07T06:48:45Z,2024-12-07T06:48:45Z,63.0,bpm
Heart Rate,2024-12-07T06:51:34Z,2024-12-07T06:51:34Z,60.0,bpm
Heart Rate,2024-12-07T06:57:05Z,2024-12-07T06:57:05Z,78.0,bpm
Heart Rate,2024-12-07T06:57:26Z,2024-12-07T06:57:26Z,69.0,bpm
Heart Rate,2024-12-07T07:05:11Z,2024-12-07T07:05:11Z,73.0,bpm
Heart Rate,2024-12-07T07:08:23Z,2024-12-07T07:08:23Z,72.0,bpm
Heart Rate,2024-12-07T07:14:03Z,2024-12-07T07:14:03Z,74.0,bpm
Heart Rate,2024-12-07T07:19:15Z,2024-12-07T07:19:15Z,84.0,bpm
Heart Rate,2024-12-07T07:25:23Z,2024-12-07T07:25:23Z,72.0,bpm
Heart Rate,2024-12-07T07:27:38Z,2024-12-07T07:27:38Z,70.0,bpm
Heart Rate,2024-12-07T07:31:27Z,2024-12-07T07:31:27Z,71.0,bpm
Heart Rate,2024-12-07T07:34:56Z,2024-12-07T07:34:56Z,69.0,bpm
Heart Rate,2024-12-07T07:36:46Z,2024-12-07T07:36:46Z,69.0,bpm
Heart Rate,2024-12-07T07:44:31Z,2024-12-07T07:44:31Z,73.0,bpm
Heart Rate,2024-12-07T07:51:03Z,2024-12-07T07:51:03Z,63.0,bpm
Heart Rate,2024-12-07T07:52:22Z,2024-12-07T07:52:22Z,65.0,bpm
Heart Rate,2024-12-07T08:00:59Z,2024-12-07T08:00:59Z,72.0,bpm
Heart Rate,2024-12-07T08:05:26Z,2024-12-07T08:05:26Z,69.0,bpm
Heart Rate,2024-12-07T08:11:18Z,2024-12-07T08:11:18Z,66.0,bpm
Heart Rate,2024-12-07T08:12:25Z,2024-12-07T08:12:25Z,65.0,bpm
Heart Rate,2024-12-07T08:15:06Z,2024-12-07T08:15:06Z,62.0,bpm
Heart Rate,2024-12-07T08:17:28Z,2024-12-07T08:17:28Z,67.0,bpm
Heart Rate,2024-12-07T08:23:57Z,2024-12-07T08:23:57Z,65.0,bpm
Heart Rate,2024-12-07T08:27:23Z,2024-12-07T08:27:23Z,63.0,bpm
Heart Rate,2024-12-07T08:34:39Z,2024-12-07T08:34:39Z,71.0,bpm
Heart Rate,2024-12-07T08:43:38Z,2024-12-07T08:43:38Z,71.0,bpm
Heart Rate,2024-12-07T08:45:07Z,2024-12-07T08:45:07Z,70.0,bpm
